<?xml version="1.0" encoding="UTF-8"?>
<project-private xmlns="http://www.netbeans.org/ns/project-private/1">
    <editor-bookmarks xmlns="http://www.netbeans.org/ns/editor-bookmarks/2" lastBookmarkId="0"/>
    <open-files xmlns="http://www.netbeans.org/ns/projectui-open-files/2">
        <group>
            <file>file:/C:/Users/abrah/Documents/NetBeansProjects/PiaAmauri/src/piaamauri/MD5.java</file>
            <file>file:/C:/Users/abrah/Documents/NetBeansProjects/PiaAmauri/src/piaamauri/conectar.java</file>
            <file>file:/C:/Users/abrah/Documents/NetBeansProjects/PiaAmauri/src/piaamauri/EliminarTrabajador.java</file>
            <file>file:/C:/Users/abrah/Documents/NetBeansProjects/PiaAmauri/src/piaamauri/IndexUsuarios.java</file>
            <file>file:/C:/Users/abrah/Documents/NetBeansProjects/PiaAmauri/src/piaamauri/CrearUsuario.java</file>
            <file>file:/C:/Users/abrah/Documents/NetBeansProjects/PiaAmauri/src/piaamauri/Formulario.java</file>
            <file>file:/C:/Users/abrah/Documents/NetBeansProjects/PiaAmauri/src/piaamauri/IndexAdmin.java</file>
            <file>file:/C:/Users/abrah/Documents/NetBeansProjects/PiaAmauri/src/piaamauri/BorrarRecervacion.java</file>
        </group>
    </open-files>
</project-private>
